MAI,NAME_2,NDVI,NDWI,date,Rainfall_norm,LST_norm
0.1721390035980239,Ahmadnagar,0.2870723760368481,-0.3583234601470206,2021-05-01,0.04397561708328696,0.8089001955551995
0.0518477093863683,Amravati,0.247004531975926,-0.3403336786116994,2021-05-01,0.014686790103095515,0.9098348952405797
0.1614897819742723,Bid,0.2615401110365501,-0.3432566210556772,2021-05-01,0.045377434460441506,0.861805703213635
0.0803709214434588,Chandrapur,0.3043228608475676,-0.3840440076894743,2021-05-01,0.018256976556255917,0.8068973418518517
0.0569463080096096,Dhule,0.2275343854155585,-0.3402160601062081,2021-05-01,0.01790708196285686,0.9390342042334707
0.0799590503219704,Jalgaon,0.2170786217971163,-0.2930882685092788,2021-05-01,0.026102448564395163,0.9704388314874459
0.4551039853621851,Sindhudurg,0.2933767985075808,-0.2677339506509712,2021-05-01,0.10705821021225588,0.5457662081152921
0.1315215263247723,Latur,0.2359112192594094,-0.2844335303805357,2021-05-01,0.03981929458083561,0.8256443993804128
0.0484282204172334,Akola,0.198569061172199,-0.2896696232798544,2021-05-01,0.017291787985309573,0.9586382630418349
0.1004201998666014,Aurangabad,0.2180483943206089,-0.2910917936216767,2021-05-01,0.032607357775860484,0.8846159826036901
0.1155208705871155,Bhandara,0.3621580736934263,-0.4304936496326583,2021-05-01,0.02269094047884481,0.6591050615263301
0.0567132937351618,Buldana,0.2056019531423626,-0.3006793645990827,2021-05-01,0.01952480986827084,0.9595630459713391
0.1515490438830354,Garhchiroli,0.3887555489268641,-0.4274747991870248,2021-05-01,0.027612566989313407,0.6654649272110336
0.1272747054386439,Gondiya,0.3736931548060044,-0.4408946858548564,2021-05-01,0.024197898380822758,0.6524964369912727
0.0695491070000809,Hingoli,0.2546958336010469,-0.3361732433470903,2021-05-01,0.019607227754341868,0.913063785405708
0.0898868561984529,Jalna,0.2329592755253332,-0.3253312169387736,2021-05-01,0.02675105121172845,0.9150267565411465
0.8516136266109133,Kolhapur,0.4274021939125323,-0.4129140731435551,2021-05-01,0.14868449748094467,0.44225668268976337
0.1823760183321025,Mumbai City,0.1275022199051546,-0.1207354295923326,2021-05-01,0.10143954982044248,0.4236912026986952
0.3054780026188878,Mumbai Suburban,0.2466615817111052,-0.2375205885827641,2021-05-01,0.08979842291899666,0.48786414832142144
0.0996874021580017,Nagpur,0.273918995027186,-0.352247326564615,2021-05-01,0.025951092025735936,0.8305183755664216
0.0940508711836493,Nandurbar,0.2844570660762582,-0.3996926889775766,2021-05-01,0.023620675874189916,0.8885334609395152
0.1787644975575455,Osmanabad,0.2324082894270553,-0.2781138630953917,2021-05-01,0.05492726771249452,0.7661297267972209
0.137544265201298,Palghar,0.2745835004395478,-0.3027913903270579,2021-05-01,0.035877290787203406,0.7492327901516904
0.0997939631568086,Parbhani,0.2629986063791112,-0.3376679015328524,2021-05-01,0.02704691419692304,0.9000562510623544
0.1887902750938364,Ratnagiri,0.3595285140679076,-0.3365428054844108,2021-05-01,0.036410417068998835,0.5972981469109504
0.0691772502437725,Wardha,0.2256987055334344,-0.326552949152783,2021-05-01,0.021644549402863342,0.9418890917761373
0.0466070580751262,Washim,0.1872177754543886,-0.2647937609211566,2021-05-01,0.017788011441001252,0.9480527873934335
0.07457613600581,Nanded,0.2570179794143241,-0.3273062366643038,2021-05-01,0.021110402191354807,0.9032839772901788
0.0926439701218116,Nashik,0.2595542324877504,-0.3391039847467494,2021-05-01,0.025000026902985143,0.8097361802055059
0.3847511631557698,Satara,0.3419939054122939,-0.3820065790889101,2021-05-01,0.08069908532125628,0.6191870094287644
0.231151248325397,Pune,0.3142755710380637,-0.3517354025975038,2021-05-01,0.05251609563450628,0.6553277697907507
0.1804835652359155,Raigarh,0.2764952330887136,-0.2714287785960516,2021-05-01,0.04951076003952685,0.6813876661659248
0.2872922348219637,Solapur,0.3087966541331798,-0.3606946188014198,2021-05-01,0.06671281015914927,0.7479238785905968
0.4124078426890373,Sangli,0.319695129813373,-0.3624988660971856,2021-05-01,0.09112673366751163,0.6797819686965945
0.1856216272001532,Thane,0.2482882276926118,-0.2710965167759457,2021-05-01,0.05342289509686193,0.7854501745590892
0.0393322308646281,Yavatmal,0.2260063408817303,-0.3193642404348749,2021-05-01,0.012464286631293108,1.0000000000000002
0.1456500093615512,Ahmadnagar,0.1272032669522432,-0.1233653246772739,2021-06-01,0.08261797779064611,0.4876264454850945
0.1741717387004459,Amravati,0.0733714966079038,-0.0715844461177252,2021-06-01,0.17065571154011672,0.6404236735426945
0.1764441509290345,Bid,0.1079743268890285,-0.104651291316465,2021-06-01,0.11318615555827019,0.5236899290860937
0.2949988473543135,Chandrapur,0.1160722431508848,-0.1060763383737127,2021-06-01,0.18265836364358096,0.6140228819002684
0.1589276352032322,Dhule,0.1234329329240204,-0.1407202382131856,2021-06-01,0.09039676636225348,0.6371554942473192
0.1692784460381497,Jalgaon,0.1219426316552875,-0.1270289887585397,2021-06-01,0.09760820221709908,0.6540750426377699
0.5555907951820558,Sindhudurg,0.0740061383427997,-0.0649708695848907,2021-06-01,0.5321883431421783,0.12066442502672992
0.1712041400559364,Latur,0.0999345864657629,-0.0955103780968266,2021-06-01,0.12192338048125367,0.5980290754959479
0.0905191325422336,Akola,0.04515546007246,-0.0444381343242387,2021-06-01,0.14388560822026553,0.6342637444524699
0.1416147719438892,Aurangabad,0.0965637512182809,-0.0989652070733919,2021-06-01,0.10631168231126253,0.5349256277646932
0.2818928259306121,Bhandara,0.1281451300446874,-0.1175882509865521,2021-06-01,0.16045770904012424,0.7633347432614845
0.1045535977984186,Buldana,0.0574645802073846,-0.0591182706156772,2021-06-01,0.13077947339394838,0.6115811365638348
0.2304994889200085,Garhchiroli,0.126165627274837,-0.1121052748009234,2021-06-01,0.1295025746608113,0.5555818823855827
0.215638616186649,Gondiya,0.1149433338962564,-0.1063733522316623,2021-06-01,0.13675173030619317,0.67898230430399
0.2023041077495447,Hingoli,0.0830268999513437,-0.080690071615167,2021-06-01,0.17409612634766342,0.5542964036615821
0.1317567571517053,Jalna,0.0736917872154094,-0.077067287139244,2021-06-01,0.1302283030193166,0.5984204814037446
0.2271698737524702,Kolhapur,0.0872917467002834,-0.078230554646815,2021-06-01,0.21366591382044325,0.1934550367184633
0.0681962113802612,Mumbai City,0.0154145725726682,-0.0121042779620537,2021-06-01,0.31506547320903866,0.24419197651992341
0.2577896419416802,Mumbai Suburban,0.0561578951493462,-0.0494178415305621,2021-06-01,0.33197144180273713,0.25905564643301915
0.3132010423157923,Nagpur,0.1159504422993782,-0.1068950275861917,2021-06-01,0.19479871102769136,0.7791071120780229
0.1459284016643025,Nandurbar,0.1290900562907385,-0.1391343056504876,2021-06-01,0.08151429089691592,0.6263659230005418
0.1401101529253616,Osmanabad,0.0978411856076139,-0.0931094732681452,2021-06-01,0.10291742461781615,0.5554502558373033
0.3699192696386035,Palghar,0.1184854915151191,-0.1042531960345192,2021-06-01,0.2226946808719391,0.41473683767671576
0.2229508551881409,Parbhani,0.106554290528284,-0.1054267780878971,2021-06-01,0.15025665975118827,0.5150277862134476
0.4766578437954593,Ratnagiri,0.0636232224141948,-0.0546429209096307,2021-06-01,0.5375731796946543,0.15773283401432847
0.2126485756439502,Wardha,0.0705418196161971,-0.0681601875057789,2021-06-01,0.21513136899991567,0.7274421211305455
0.1092601969665275,Washim,0.0451715762250778,-0.0440415718599548,2021-06-01,0.17116615414203928,0.5604449453250673
0.2175190657615204,Nanded,0.0937138146564114,-0.0892734368160068,2021-06-01,0.1647132342680338,0.6125020328291129
0.1735246712033119,Nashik,0.1296550716427586,-0.1298736784770244,2021-06-01,0.09660707867718717,0.5315705828980084
0.2014112210337963,Satara,0.0949043157066895,-0.0891017331476607,2021-06-01,0.16933374190094716,0.3093513057052384
0.1458065102367238,Pune,0.1124382512213385,-0.1045877745614982,2021-06-01,0.10195425374641147,0.3515262534740038
0.2961665613699797,Raigarh,0.0731363766676131,-0.0633563346977419,2021-06-01,0.2946161636541989,0.3328685259786932
0.1323520182758465,Solapur,0.1322587050395561,-0.1279007106729259,2021-06-01,0.07211292275536184,0.4769776043592766
0.1286508957723082,Sangli,0.1187108510587333,-0.1131518864832948,2021-06-01,0.08014238065255859,0.35430673688383507
0.2579943117898083,Thane,0.0912537134679697,-0.0784211700597939,2021-06-01,0.20738824773962547,0.4431208307335297
0.210523512934938,Yavatmal,0.0725210663991925,-0.0707387912825084,2021-06-01,0.2075867342536376,0.6439533434173488
0.1153764661120193,Ahmadnagar,0.0890474548544521,-0.0801745083208713,2021-07-01,0.09437667246484399,0.5187255352650268
0.1822859212648095,Amravati,0.0785288242054501,-0.0680327627077541,2021-07-01,0.16147457206721333,0.6062642695535025
0.206200165627914,Bid,0.1046585320564659,-0.0927402662052785,2021-07-01,0.1316411636372799,0.5487278450642197
0.4504815831825569,Chandrapur,0.1126540631113226,-0.0955809739431369,2021-07-01,0.2822804636279556,0.42094421460981857
0.0923308758259847,Dhule,0.0596326524663416,-0.0554519528256494,2021-07-01,0.11211368203426729,0.6258982697171742
0.1052749071998801,Jalgaon,0.0667665896178873,-0.0584716998677696,2021-07-01,0.11182741933927261,0.6558640953909491
0.4912956261513511,Sindhudurg,0.0381453786479723,-0.0296828354926204,2021-07-01,0.9039709102265167,0.0928647530095108
0.2589260893810141,Latur,0.0958192790896256,-0.0848207445678592,2021-07-01,0.19363626723010904,0.5198809873513173
0.1070856739657128,Akola,0.0605037506459824,-0.0529200390274977,2021-07-01,0.12601282038960188,0.7855088612380057
0.0910404639787287,Aurangabad,0.06892388340365,-0.0613539300247152,2021-07-01,0.09340817186665835,0.6419382035394985
0.3104441636639631,Bhandara,0.0977403931069707,-0.0833833761382792,2021-07-01,0.22576340533975942,0.329355323581227
0.1281141544018003,Buldana,0.0755062443854811,-0.0644760213593669,2021-07-01,0.12035674958835557,0.7354852700474279
0.3475257716102211,Garhchiroli,0.0831744346102273,-0.0708527039519053,2021-07-01,0.29322441971730306,0.24877143366050847
0.2152451583337475,Gondiya,0.0670251295471406,-0.0576396247867207,2021-07-01,0.2267787262247988,0.26992172342580223
0.393495443964694,Hingoli,0.1318611978672121,-0.1127840529165192,2021-07-01,0.21001546573097613,0.6287973516683487
0.1119992761590937,Jalna,0.0667824567166294,-0.0583242400856684,2021-07-01,0.11481460314415164,0.6761498724707278
0.3610208388473233,Kolhapur,0.0556189788670882,-0.0465918695325841,2021-07-01,0.5062779956589891,0.11115018006301969
0.1632747992047706,Mumbai City,0.0154239787680434,-0.0108951083616108,2021-07-01,0.7442604943174485,0.32954164959207155
0.3545756595843308,Mumbai Suburban,0.0372681683790877,-0.0330290451194737,2021-07-01,0.6846001951367459,0.24105421522001746
0.3377863859324473,Nagpur,0.1104901454605692,-0.0936179303833067,2021-07-01,0.21863341428119193,0.4720506407711371
0.1015546619425479,Nandurbar,0.0580088841948793,-0.0540475498257932,2021-07-01,0.12630551608274895,0.5445416571521182
0.1712167986018279,Osmanabad,0.0866880884815129,-0.0755521576411855,2021-07-01,0.13795891175559605,0.5289692251475082
0.3593132408686856,Palghar,0.0553489025216515,-0.0483727141783,2021-07-01,0.4604795872244945,0.25448821139453415
0.289876738873882,Parbhani,0.1110421604795842,-0.0972584506831274,2021-07-01,0.18332846061342398,0.6713212316765826
0.5767103570753133,Ratnagiri,0.0440410453516623,-0.0368957208495497,2021-07-01,0.9250601641930637,0.10421798023436724
0.3027446571217632,Wardha,0.1088647663393766,-0.0922037458887392,2021-07-01,0.20030075871034886,0.5614286167146816
0.2292609423759727,Washim,0.1091987643030279,-0.0928804810428918,2021-07-01,0.14895793324996154,0.6942081374775058
0.3405646101642535,Nanded,0.0996454231793436,-0.0850296425167731,2021-07-01,0.24225076044150387,0.580224886252527
0.0912961850896228,Nashik,0.0560049833104235,-0.0506349954949143,2021-07-01,0.1300340293142122,0.45426596865384816
0.2759942290738886,Satara,0.0655625880470223,-0.0575412368099417,2021-07-01,0.3527026534191637,0.3384097008690412
0.1668192987726159,Pune,0.07717884047655,-0.0678707630025007,2021-07-01,0.19445364418451122,0.3863507931450145
0.3220443781706652,Raigarh,0.0350862941525189,-0.0300522779507271,2021-07-01,0.6467152775462791,0.2088047625184568
0.1420460007273628,Solapur,0.0856433187057177,-0.0764579753797628,2021-07-01,0.11967889864393512,0.5114284900185098
0.2094547935580537,Sangli,0.0697803225105502,-0.062085196316141,2021-07-01,0.21401650107400316,0.3011731294298421
0.2992254322312356,Thane,0.0490322364935004,-0.0411990581653565,2021-07-01,0.4288499848410843,0.2836692492589141
0.3852053785367054,Yavatmal,0.114760820880571,-0.0973594651941507,2021-07-01,0.23559621498222189,0.6004068858308333
0.0995067601344065,Ahmadnagar,0.0910496953813427,-0.0830036656522652,2021-08-01,0.07804883107924229,0.3788164305888877
0.174806901033526,Amravati,0.1208623038179709,-0.1064373161729736,2021-08-01,0.11082709504092261,0.23937002737015467
0.1922045614403021,Bid,0.1389171831649401,-0.1248082662075625,2021-08-01,0.09317561524196583,0.25405881845662837
0.4115753950958115,Chandrapur,0.1662310149027673,-0.1443893257722132,2021-08-01,0.1757356045245419,0.19002101926176662
0.0917322827694545,Dhule,0.0617563050371867,-0.0564841525804618,2021-08-01,0.1063282630267495,0.3289849931898823
0.1545875276650946,Jalgaon,0.0979006392207019,-0.0894090552672896,2021-08-01,0.11397071490347398,0.2853688846224156
0.289931653705984,Sindhudurg,0.111922129655789,-0.0978676144723216,2021-08-01,0.18389861965281973,0.16977711664866701
0.3533471125791119,Latur,0.2014391253865733,-0.1789842493414252,2021-08-01,0.12463321007994306,0.16362778564515268
0.1964022007673854,Akola,0.1583936137576306,-0.1399703566124118,2021-08-01,0.08713534220492607,0.29714912988143305
0.1579407051216449,Aurangabad,0.1115184684743281,-0.1020105831505962,2021-08-01,0.09872590429870595,0.3560249499256267
0.3362636683658919,Bhandara,0.133206180690773,-0.1130288193927626,2021-08-01,0.18023719494360774,0.22613680334541097
0.2120741722561632,Buldana,0.1370394374884528,-0.1225533429706337,2021-08-01,0.10911575641530867,0.22678355579750198
0.4579368014438057,Garhchiroli,0.1470128355132285,-0.1268165546084032,2021-08-01,0.226381439609499,0.15731941917024406
0.3595690937146255,Gondiya,0.1375275636482374,-0.1173818534519347,2021-08-01,0.18778148740597486,0.19103861222192653
0.4172523023627634,Hingoli,0.1865387647345307,-0.1681155795068293,2021-08-01,0.15987161457341725,0.23122566688521862
0.1754946746847599,Jalna,0.1139890300757039,-0.1030376934316618,2021-08-01,0.10963706972844474,0.36427017872756307
0.1035635850414382,Kolhapur,0.0766478166792008,-0.0682999169513864,2021-08-01,0.10319872446862423,0.20936724839931742
0.0546083053400266,Mumbai City,0.013261587423603,-0.0113995951518718,2021-08-01,0.28887849225274,0.03949005313416509
0.1479597841356873,Mumbai Suburban,0.0334170866157759,-0.0285998133778068,2021-08-01,0.31350026309943785,0.045761880255330345
0.2126727258603087,Nagpur,0.0981801328478499,-0.0832087456589545,2021-08-01,0.15666634084633715,0.27205822999816
0.1028922330791361,Nandurbar,0.060808856965102,-0.0544905362056916,2021-08-01,0.12438779308578392,0.26286728702101403
0.1788705684576836,Osmanabad,0.1494848079728569,-0.1338784552497471,2021-08-01,0.08251743127131315,0.21084869517130844
0.1900107631754975,Palghar,0.0435606733061092,-0.0395880564476618,2021-08-01,0.310157692645953,0.06896242776439365
0.3616771715688835,Parbhani,0.1987066504642594,-0.1750131958418327,2021-08-01,0.13064772974664476,0.30122428145392766
0.2548442293354122,Ratnagiri,0.0749443359057316,-0.0669146273205867,2021-08-01,0.2391500612636928,0.11699662905833041
0.2457083308334926,Wardha,0.144257941006409,-0.1232872866397456,2021-08-01,0.12356271615004555,0.24730950272295016
0.4140149895859966,Washim,0.2241055250315248,-0.2010020305762083,2021-08-01,0.13269081016762774,0.11311648768860261
0.418688437668414,Nanded,0.1798516412791925,-0.1609956209256313,2021-08-01,0.16821934949126124,0.25329355517933694
0.1091181390889787,Nashik,0.073510599506046,-0.0668543484363728,2021-08-01,0.11632349506747633,0.2506373295580282
0.0964770126962802,Satara,0.0765630251129968,-0.0710991363050607,2021-08-01,0.09480477797023358,0.37387453895126455
0.0881913487615283,Pune,0.0681084381652709,-0.0629134037870682,2021-08-01,0.10225404989603214,0.29731148326317713
0.1885264011399219,Raigarh,0.0570087003715131,-0.0511693505195913,2021-08-01,0.23793991317331709,0.050452974404942674
0.0837938999818394,Solapur,0.105194979678079,-0.0967856208344141,2021-08-01,0.057253492894829616,0.35619228361575184
0.070557867270364,Sangli,0.0897082510992736,-0.0812892234797195,2021-08-01,0.05703315263387623,0.4048436248176275
0.2015017997045168,Thane,0.0467564232637762,-0.0415079887484223,2021-08-01,0.30280011957790365,0.08359572283247618
0.3584361529653655,Yavatmal,0.1726320780906144,-0.1526071630452736,2021-08-01,0.1510479181876064,0.2053620475617961
0.2556209181948603,Ahmadnagar,0.0969495227500749,-0.0860755534265637,2021-09-01,0.18560325423333096,0.2609735866480585
0.3984803827078982,Amravati,0.118869624404023,-0.0998771892800083,2021-09-01,0.2528606093763558,0.16073103097323038
0.4866016983763411,Bid,0.1539042218008804,-0.1359130335179834,2021-09-01,0.22102730488285033,0.25093672585466087
0.3873924180782763,Chandrapur,0.1248444352113457,-0.1045545430931127,2021-09-01,0.22320160714598886,0.1506967098713914
0.3900643800120605,Dhule,0.1074298909014031,-0.092393529236232,2021-09-01,0.25724724088918716,0.2511228861717416
0.4483617276492883,Jalgaon,0.1251787311908641,-0.1073880044692079,2021-09-01,0.25580182478799407,0.211856885369186
0.1293898962753505,Sindhudurg,0.0704167395689417,-0.0608775838316305,2021-09-01,0.12895944325817618,0.0843205327040013
0.4777861993352879,Latur,0.1592181734964655,-0.1413979060183425,2021-09-01,0.21233879326671098,0.24796106796925899
0.3719278710951869,Akola,0.1262202324898772,-0.1088290920796517,2021-09-01,0.2104130514947308,0.244365369629294
0.3048145182322013,Aurangabad,0.1011947580610845,-0.0877193401384259,2021-09-01,0.21394506220640502,0.164599013059618
0.5752722663193869,Bhandara,0.1321296410813252,-0.1110239666267937,2021-09-01,0.31371778105882286,0.0908254049586874
0.3586490694506755,Buldana,0.1220101582952511,-0.1053763344556784,2021-09-01,0.21048835028655305,0.19760121578835088
0.3053539201949996,Garhchiroli,0.0918614739470533,-0.0771428907595124,2021-09-01,0.2379310879372856,0.12483820792079725
0.5256844827406965,Gondiya,0.1136527574878477,-0.0978078015883667,2021-09-01,0.32995138605363383,0.0986243561250193
0.3360825115088703,Hingoli,0.1171749913315596,-0.1014068647061447,2021-09-01,0.20558002650290758,0.19106821350304615
0.3043857694445051,Jalna,0.1113799626574462,-0.0959058648730056,2021-09-01,0.19388559721637103,0.19177027159430704
0.0898612244532167,Kolhapur,0.0742386178314854,-0.0656429095710693,2021-09-01,0.09020131981323667,0.09821953346263079
0.0824657158706904,Mumbai City,0.016404324349606,-0.0095855583027757,2021-09-01,0.34027227184875664,0.07594827497177525
0.228557176742363,Mumbai Suburban,0.0352212837276941,-0.0274800467564678,2021-09-01,0.45708098402328556,0.07655495701280768
0.5135609512220832,Nagpur,0.1459339544810692,-0.1227707712833062,2021-09-01,0.25178698792064585,0.13092567712626368
0.3109410705703041,Nandurbar,0.0886804628629004,-0.0774699650784009,2021-09-01,0.2598332184971408,0.2005065447838148
0.3468003623736544,Osmanabad,0.1236073562404773,-0.1097270328890396,2021-09-01,0.19880579978551427,0.2127020043601473
0.1829963794339071,Palghar,0.0359556525262282,-0.0284028029481953,2021-09-01,0.3648161731614025,0.05713585810266952
0.4837282269013446,Parbhani,0.1606571355850781,-0.1405844726045583,2021-09-01,0.2143114871001775,0.22278376539710698
0.1871312880325998,Ratnagiri,0.0774856470341996,-0.0665270538305449,2021-09-01,0.16678335562316388,0.075009448490853
0.4836655184890413,Wardha,0.1608822020888217,-0.1353396410210776,2021-09-01,0.21559252136276147,0.173331944503347
0.3055445781236642,Washim,0.0991708967931767,-0.0857729826788196,2021-09-01,0.22012297834504924,0.15883778407991378
0.4792627502376181,Nanded,0.1668154257010053,-0.1451604423574443,2021-09-01,0.20396769134011758,0.21843052383673323
0.2557056502433824,Nashik,0.0805303331700612,-0.0710437456897407,2021-09-01,0.23059471912975668,0.14095064195981344
0.1460067850669938,Satara,0.0828006976950399,-0.0750974478072526,2021-09-01,0.12939987863925628,0.2473802465075563
0.1610304406604161,Pune,0.0747691237021797,-0.0663911899068978,2021-09-01,0.15883493725632397,0.2576600903330424
0.1787403178163897,Raigarh,0.063435250569437,-0.0537324661408262,2021-09-01,0.22052655235087704,0.0660696847448019
0.302267811905718,Solapur,0.1222742964591406,-0.1093266343097351,2021-09-01,0.17629465048276494,0.3006027152777
0.1985938255848323,Sangli,0.1068972670031639,-0.0966893134174613,2021-09-01,0.1298960500005033,0.29973501916550016
0.1572848762566102,Thane,0.0356836386183285,-0.0296974505445368,2021-09-01,0.31609470895176794,0.08041616693721898
0.4469464554439797,Yavatmal,0.142869080742956,-0.1227427456408345,2021-09-01,0.22444005409719714,0.17267132097614657
0.4678597059683461,Ahmadnagar,0.5479363152927338,-0.5428921370241037,2021-10-01,0.061096231959843816,0.333637320265455
0.5328551292599284,Amravati,0.6919558232787373,-0.6336921173514518,2021-10-01,0.05435525460441467,0.2762703617948168
0.4761454509709132,Bid,0.569156121005794,-0.5541425422514521,2021-10-01,0.06013655022801276,0.34402410538204453
0.6167598808793056,Chandrapur,0.6787597360078884,-0.6180890403335484,2021-10-01,0.06454793800109601,0.23320144939165632
0.2071693968756407,Dhule,0.6003755403894291,-0.5827804512426659,2021-10-01,0.024299968896642425,0.3431724377183014
0.3465288118340183,Jalgaon,0.6770997929931541,-0.6240396069199549,2021-10-01,0.036380384821665605,0.2746478655004263
0.8470695460892678,Sindhudurg,0.6141063441493207,-0.5539454807050544,2021-10-01,0.09876661435975365,0.22981784074005107
0.4751781461889269,Latur,0.5731222940987227,-0.5590018604426991,2021-10-01,0.05960457425752247,0.3618985667480308
0.3878787458967479,Akola,0.644635269885919,-0.599092804600528,2021-10-01,0.0429119360052092,0.3418072718916716
0.5269873642976814,Aurangabad,0.6078208423178082,-0.5774383283428043,2021-10-01,0.06212132647784985,0.2744186741204324
0.298672377554344,Bhandara,0.6484086491605535,-0.6100351493760837,2021-10-01,0.033045750125882914,0.22594863919241592
0.3629421565360969,Buldana,0.6171556251295368,-0.5878937212783782,2021-10-01,0.042111445686846674,0.314303954355702
0.605038782852844,Garhchiroli,0.7020083068983792,-0.6400784313752121,2021-10-01,0.061106694428658924,0.18192157102440998
0.2864083404520887,Gondiya,0.6809758535232313,-0.6365562506259951,2021-10-01,0.03004061945592909,0.19883706592223094
0.4435935753292446,Hingoli,0.6055135169045708,-0.5749843585307644,2021-10-01,0.05222955733158977,0.34127825687486846
0.4816275565697433,Jalna,0.5982571969603072,-0.5687602672246991,2021-10-01,0.05736928287671365,0.3152871363661389
0.6397021605661649,Kolhapur,0.6101534708658795,-0.5687504192269021,2021-10-01,0.07522854399188872,0.21210789706535382
0.172989250929577,Mumbai City,0.317615619595531,-0.3164328112832997,2021-10-01,0.03769679112887706,0.3774680839432376
0.3119813926828737,Mumbai Suburban,0.4900153026461464,-0.4850741357001816,2021-10-01,0.045332696083935774,0.37068779201558644
0.3405491677496849,Nagpur,0.669890899394413,-0.6136005320370123,2021-10-01,0.03613913415726116,0.2742297947914969
0.2405117446808355,Nandurbar,0.6711388624298424,-0.6313442297261576,2021-10-01,0.02546755677180576,0.29340347888087237
0.4776719487517057,Osmanabad,0.5157902654056928,-0.522308745525962,2021-10-01,0.06591720605703702,0.39573690327388245
0.4342741503366278,Palghar,0.672685825989597,-0.6278371002269212,2021-10-01,0.045759670511213185,0.25334337392824624
0.4732709336380563,Parbhani,0.6035360929051445,-0.5700067395700834,2021-10-01,0.056123136336929016,0.35217322034652154
0.6383341451540026,Ratnagiri,0.746382339167444,-0.686274226365709,2021-10-01,0.061099573222541656,0.21607407954677593
0.3856859466616135,Wardha,0.6756884092800408,-0.6178361629926932,2021-10-01,0.040686257357766153,0.3260018384384269
0.4002035228520479,Washim,0.6146047466869865,-0.5857067923971094,2021-10-01,0.04642473924556083,0.3347135750058463
0.4323972850899677,Nanded,0.6388914957770537,-0.5981123124972507,2021-10-01,0.04808687047684705,0.3421369100323248
0.3421569184568431,Nashik,0.556526363583508,-0.5558707628294633,2021-10-01,0.0440134564327867,0.3093064654795248
0.4990930483079149,Satara,0.5635367122497268,-0.5605042431884825,2021-10-01,0.0636965396012437,0.3208878670970876
0.5629386591109788,Pune,0.569578891023675,-0.5559842198889685,2021-10-01,0.07063634015622346,0.29358180714501536
0.659283632071206,Raigarh,0.6972338548840481,-0.6419868210259511,2021-10-01,0.06698532482574188,0.2373756513274623
0.4563780834750788,Solapur,0.5306674828204212,-0.5249291501369153,2021-10-01,0.06095409171938483,0.4105833545980351
0.3481673862954585,Sangli,0.5146487816138469,-0.5252163197212469,2021-10-01,0.04770037620573409,0.4223413926090671
0.5100168254320773,Thane,0.6537062892969416,-0.6114470853911501,2021-10-01,0.055336649620563554,0.2761978757474113
0.4458937867056247,Yavatmal,0.6802647361039106,-0.6240905962553999,2021-10-01,0.046859585432799056,0.28502218931624923
0.068636733134638,Ahmadnagar,0.3020501583486938,-0.2873897940115294,2021-11-01,0.01686864769115808,0.29134418978529153
0.0471174245979133,Amravati,0.6280386243588797,-0.6030892004249432,2021-11-01,0.00539545294445639,0.23366404552057207
0.0557327986309806,Bid,0.2871906466091338,-0.263560165807778,2021-11-01,0.01429265248710275,0.3090672489804418
0.0558432535586159,Chandrapur,0.572789005719479,-0.5477372991599123,2021-11-01,0.007018584991125994,0.20833717118867678
0.0208890564493835,Dhule,0.4850566819500029,-0.5308414831937881,2021-11-01,0.0032422864485869406,0.36050083687348855
0.0331907888395099,Jalgaon,0.5963615438855473,-0.5835739191620722,2021-11-01,0.003938813282302972,0.29305098223299764
0.4086187590008351,Sindhudurg,0.3971237385456989,-0.3591554423253978,2021-11-01,0.07353977560730499,0.21367889326239298
0.0718518046230068,Latur,0.2566128605365994,-0.2341565130674614,2021-11-01,0.020056420334909612,0.2877645621628724
0.0335804890968143,Akola,0.5842613159101151,-0.5737976907945666,2021-11-01,0.004107031184063178,0.308632359475862
0.0395181402641538,Aurangabad,0.408196450448746,-0.3926373676198282,2021-11-01,0.006964050711054668,0.2597052378251081
0.0414181820514928,Bhandara,0.5269293446789998,-0.5475961860789766,2021-11-01,0.005498160121372721,0.19958971710823192
0.0408233781716079,Buldana,0.5025493214844029,-0.4925032470687672,2021-11-01,0.006141393296083138,0.291091046477592
0.139602807208675,Garhchiroli,0.5606752250277577,-0.5247149231994258,2021-11-01,0.01791949945393069,0.13103274678019727
0.0429596879556494,Gondiya,0.5776460611200269,-0.5868480719665798,2021-11-01,0.005289107012647744,0.1664506422901062
0.0611917509766068,Hingoli,0.4394648995745328,-0.422951565181983,2021-11-01,0.00990971566732794,0.32545619938538994
0.0325507136058529,Jalna,0.3528196665603399,-0.3303146112380919,2021-11-01,0.006768741657809321,0.29373568461764266
0.238097597817778,Kolhapur,0.2247475332246265,-0.2014656985074985,2021-11-01,0.07543445734532536,0.14353005570538735
0.0577710930256153,Mumbai City,0.263088575274444,-0.2317668549609695,2021-11-01,0.01586356898300262,0.34442702927920466
0.0883055783115018,Mumbai Suburban,0.4117638624642425,-0.3976623945450407,2021-11-01,0.014886711855032741,0.355952544763418
0.048329923253932,Nagpur,0.5650306518106422,-0.5597743751023873,2021-11-01,0.0060859640121562085,0.22821216536778266
0.0377201774020647,Nandurbar,0.5624482145968992,-0.5813048399114282,2021-11-01,0.004729534694266552,0.30418349252542654
0.0848503114235621,Osmanabad,0.2291378657435435,-0.2129866413904777,2021-11-01,0.02633897781094882,0.3180977467403352
0.1611468433608225,Palghar,0.5629071442432116,-0.5593716324119805,2021-11-01,0.020311077992119727,0.2844958717887438
0.06354849438764,Parbhani,0.3967486926817664,-0.3736541014862845,2021-11-01,0.011520342003948192,0.3360111626496103
0.40616649387315,Ratnagiri,0.5808104712618847,-0.5500134532018623,2021-11-01,0.05025783085783867,0.20045902069947275
0.0524675847671713,Wardha,0.5822839559038748,-0.5653740360491412,2021-11-01,0.006446308550899853,0.2698737240389246
0.0573469000330978,Washim,0.4983869617362371,-0.496222010098212,2021-11-01,0.008179198688399917,0.29540641123674605
0.0563381958730124,Nanded,0.4062090756045323,-0.3775917648646079,2021-11-01,0.0101401588534583,0.3137928222338615
0.0753866785897577,Nashik,0.3930082987010431,-0.415025858677067,2021-11-01,0.013303456870805275,0.2900344797989549
0.1468360163106697,Satara,0.2051772943983516,-0.1876592519759609,2021-11-01,0.048568195403262904,0.2171170663319848
0.1187874876043145,Pune,0.2565119533637445,-0.232950373146535,2021-11-01,0.03176043582974418,0.23633775594971262
0.2755258616318778,Raigarh,0.5841062573315421,-0.5664549609888413,2021-11-01,0.0334583389037485,0.2281698046560674
0.0809282820511108,Solapur,0.2234352853572692,-0.2031283259190362,2021-11-01,0.026071111241888604,0.31469544756624357
0.1056062387759408,Sangli,0.1993824911152438,-0.1850818816474251,2021-11-01,0.03649485638464714,0.28216893311513314
0.1615571461720673,Thane,0.5053416508730816,-0.5046652590923052,2021-11-01,0.022669864910805963,0.2798398461122409
0.06050974565184,Yavatmal,0.6072035081417625,-0.5831257824558626,2021-11-01,0.007144836142288334,0.24602722502493934
0.0178298772531565,Ahmadnagar,0.2773980385264254,-0.3654653235167563,2022-05-01,0.0047952140377595445,0.7951679514182437
0.0053718493697639,Amravati,0.2473413432601008,-0.3552106090652626,2022-05-01,0.0015304436809615346,0.8700027603509217
0.0293445076637975,Bid,0.2439035418033748,-0.3401828083567259,2022-05-01,0.008884019223429806,0.8370151280247013
0.0406305622309134,Chandrapur,0.2870255055857174,-0.3686783579131318,2022-05-01,0.00981756954145112,0.7298409329115767
0.0,Dhule,0.2298881974693729,-0.3551053505252323,2022-05-01,0.0,0.8922921422860706
0.000702363900941246,Jalgaon,0.2550164048040002,-0.3639111010144882,2022-05-01,0.00019144977084309048,0.8398419314527472
0.1452151457002888,Sindhudurg,0.2356929399179375,-0.2178879761189578,2022-05-01,0.042124474957818854,0.3842238299462042
0.1002194709076279,Latur,0.2255641124815629,-0.2990719230249413,2022-05-01,0.03217209179814636,0.8100874105620477
0.0013817203405908,Akola,0.2048746115443957,-0.3147886640848551,2022-05-01,0.0004948701583049467,0.9021684149133293
0.0013633757202902,Aurangabad,0.2484819248623873,-0.3498295363985145,2022-05-01,0.00037748509067688353,0.8347043007104997
0.0411482906258915,Bhandara,0.3488458556144061,-0.418171293813352,2022-05-01,0.00835881695539882,0.6187179977085904
0.0038421637965714,Buldana,0.2171416160052098,-0.3327671079619961,2022-05-01,0.001294248872338612,0.8957582150130083
0.125056122058069,Garhchiroli,0.414463786843459,-0.4512380602395695,2022-05-01,0.021276632366338248,0.5240413393638657
0.0464729680232059,Gondiya,0.3697963297245456,-0.4347520585708038,2022-05-01,0.008958187412158007,0.5676684600314377
0.028032297898301,Hingoli,0.22476944701846,-0.313264751142535,2022-05-01,0.008536307581513334,0.8804112896559428
0.0044021042348675,Jalna,0.2356414446261207,-0.3374997757489182,2022-05-01,0.0014245475329656147,0.8784132946497276
0.3333472446092674,Kolhapur,0.3817185023822528,-0.3758665183036276,2022-05-01,0.06261070183885692,0.4161657536351029
0.0,Mumbai City,0.1116190228528966,-0.1145188299289063,2022-05-01,0.0,0.38675433468546094
7.713652016964718e-05,Mumbai Suburban,0.1942730037630397,-0.1951430632160483,2022-05-01,2.6549276172030587e-05,0.3963897568293373
0.0311637366655988,Nagpur,0.2681095229576855,-0.3550779270371337,2022-05-01,0.008266547847412268,0.8390366903942796
0.0,Nandurbar,0.272828310906277,-0.3939456304799736,2022-05-01,0.0,0.8292118269085353
0.0993051134430543,Osmanabad,0.2374045307605502,-0.3215001325199793,2022-05-01,0.03057807175993592,0.8190567340899542
4.22092899917029e-07,Palghar,0.2961302633674831,-0.3575582031764066,2022-05-01,6.68451910682845e-08,0.6164520694918314
0.0352190219327544,Parbhani,0.2426928517815958,-0.3318955014380929,2022-05-01,0.010088621868102525,0.8788879456173775
0.0358834251275802,Ratnagiri,0.311492145511159,-0.3036893673255819,2022-05-01,0.008487886138211144,0.44847413414324966
0.0213906896118199,Wardha,0.2174073945579969,-0.3179015857654628,2022-05-01,0.007044734319802256,0.9166425080554574
0.010272038262278,Washim,0.1980577365616402,-0.3057797281463317,2022-05-01,0.003690400881467653,0.9148529317550607
0.0482510357477295,Nanded,0.2416562476075211,-0.3232719426697896,2022-05-01,0.01447760243663038,0.8514010392478313
0.0005012595533746623,Nashik,0.2701008452847746,-0.3798484470550687,2022-05-01,0.0001473899382100755,0.8273897028283101
0.1256291569078594,Satara,0.3262378682854182,-0.3934725317295096,2022-05-01,0.028693849804547842,0.6675849198459338
0.0448984479919542,Pune,0.3066269429577904,-0.3787846373293724,2022-05-01,0.010230760455303035,0.6770372171222585
0.0147247992894149,Raigarh,0.2768931456123781,-0.2987308911911965,2022-05-01,0.0036984986417712747,0.5783996356200618
0.1485455056891359,Solapur,0.2806286090846546,-0.3403361197884266,2022-05-01,0.03820400722197353,0.721028535578353
0.2104060119343881,Sangli,0.3111662896485421,-0.3761781618548129,2022-05-01,0.049404576291177456,0.6402842845369705
0.0029329615951783,Thane,0.2520874799272028,-0.30225793085027,2022-05-01,0.0008792148276653293,0.6733737648403579
0.0219917416019091,Yavatmal,0.2194462188311399,-0.3151423233785813,2022-05-01,0.007016782042506357,0.8849581756293912
0.142041955469933,Ahmadnagar,0.1330740088654716,-0.1394121333686434,2022-06-01,0.07428259947631505,0.679610421527743
0.2827288567190552,Amravati,0.1314619406490294,-0.1399279673153139,2022-06-01,0.15323636718553263,0.8319734603397348
0.1412268503980988,Bid,0.1000831107380892,-0.1016480333542019,2022-06-01,0.09743331832707978,0.7096956094811657
0.1890213726655533,Chandrapur,0.0971518697899803,-0.0908436476716039,2022-06-01,0.13919769121139414,0.7287993874126599
0.2179572845791809,Dhule,0.1489284756212082,-0.1867488599242015,2022-06-01,0.1042118468593926,0.7320724923147295
0.2743466546708824,Jalgaon,0.1536319824047135,-0.179124071251814,2022-06-01,0.1269393583346334,0.7360414698639222
0.3647574355196255,Sindhudurg,0.0678698027783068,-0.0573690486509839,2022-06-01,0.3854929502986854,0.344727030268029
0.1589495294284194,Latur,0.0963257766836701,-0.0947373726218688,2022-06-01,0.118271628715042,0.6843386624890677
0.1712734636874382,Akola,0.0875964081954113,-0.0964796283290349,2022-06-01,0.1374887421727528,0.7774765023412129
0.2220310529580795,Aurangabad,0.1415672947748532,-0.1597438515703469,2022-06-01,0.10971971675953615,0.7326150319530313
0.2299171724578082,Bhandara,0.1262643023374417,-0.1190083642551855,2022-06-01,0.1305996115666358,0.757327463007271
0.1919054705570419,Buldana,0.0876881520236327,-0.093966844443122,2022-06-01,0.15715674567690105,0.7971439766984765
0.2288917206372228,Garhchiroli,0.1502012721973485,-0.1330848852241486,2022-06-01,0.10985309983738174,0.5906594751874759
0.1942335056549758,Gondiya,0.123500042891558,-0.1132169217130797,2022-06-01,0.11192643607840586,0.699410800040476
0.2186412982716255,Hingoli,0.0972854120264419,-0.1057526800990387,2022-06-01,0.1618350740724666,0.7761080663075426
0.1978275086467775,Jalna,0.1172077255868682,-0.1279591938818288,2022-06-01,0.123935966753073,0.7957970106777665
0.1805702416421337,Kolhapur,0.1207424324423384,-0.108912893845681,2022-06-01,0.11776913079252077,0.3463580961599131
0.1535581965232821,Mumbai City,0.0366807220631192,-0.027400064336836,2022-06-01,0.2993479985549699,0.3441903174728027
0.3287056163646398,Mumbai Suburban,0.0880138324785499,-0.0766805353763891,2022-06-01,0.2670923928110973,0.4072618504587586
0.276962522484068,Nagpur,0.1279958432106893,-0.1239642518313632,2022-06-01,0.15587928704262954,0.8140017229522412
0.204046645822771,Nandurbar,0.1582407108195093,-0.1809912704277406,2022-06-01,0.09388812481977399,0.6816607446605425
0.1238547991565546,Osmanabad,0.1002263119645706,-0.1019416197940816,2022-06-01,0.08822468122045463,0.657986786987111
0.4175188938220397,Palghar,0.1190464160561654,-0.1126729148701942,2022-06-01,0.2477156996992386,0.6576839349298516
0.1925901286514227,Parbhani,0.1062736209077021,-0.1107765981736941,2022-06-01,0.13054091388716246,0.7668476377806313
0.2758344089729788,Ratnagiri,0.0677152781026799,-0.0573675830592935,2022-06-01,0.2947786394160988,0.39450732832789415
0.2523851027967832,Wardha,0.1050511359911018,-0.1112111898786708,2022-06-01,0.1737145384178424,0.8543178718634541
0.2110643037144746,Washim,0.0869837732574389,-0.0976356626332209,2022-06-01,0.17321400908961207,0.7817061682209947
0.200952373326139,Nanded,0.0967888794023863,-0.094727117576079,2022-06-01,0.1455998023169297,0.7094327846357842
0.2502480256139582,Nashik,0.1570784213426869,-0.1779196003043468,2022-06-01,0.11305900150873484,0.6768443205448682
0.1118337104901923,Satara,0.0946060842976796,-0.0905983209234392,2022-06-01,0.09027916791020726,0.4916344040241012
0.1023516606858751,Pune,0.1055163084960276,-0.1033031602885651,2022-06-01,0.078686853863994,0.5574970995879824
0.1658491165483647,Raigarh,0.0611121792996217,-0.0544823760566551,2022-06-01,0.1928350293752708,0.5327541526639692
0.1124756028114396,Solapur,0.1459265944818935,-0.1420095788819044,2022-06-01,0.05597378344661986,0.5942147160066471
0.073309612203678,Sangli,0.1191149264151082,-0.1135464339045337,2022-06-01,0.04463355182727551,0.47189901350957997
0.2781906123207011,Thane,0.1061657100052232,-0.1009183772820945,2022-06-01,0.18860097864232528,0.6667603656499177
0.2484418196559857,Yavatmal,0.1024530138163467,-0.1033660135156507,2022-06-01,0.173310115812023,0.7719905312131061
0.0459985039246243,Ahmadnagar,0.0302049273415055,-0.0261609888738314,2022-07-01,0.11170546197674551,0.3156090447071842
0.0889855539760465,Amravati,0.0183091620974325,-0.0128227424043375,2022-07-01,0.3507256889665272,0.4551103399757206
0.1150194309684227,Bid,0.039084173107255,-0.0330314208393362,2022-07-01,0.19510501084349952,0.3783017001079554
0.1068040021792149,Chandrapur,0.0149940535736537,-0.009771840348251,2022-07-01,0.5095931821122942,0.1566824264018234
0.0843085702966611,Dhule,0.0311641773288563,-0.0258881150408512,2022-07-01,0.19009316902884538,0.43465631490202905
0.0975088432142149,Jalgaon,0.0321581407641167,-0.0264248891983194,2022-07-01,0.21704846625989985,0.43748589291954065
0.35779641406473,Sindhudurg,0.0363107414320229,-0.0298827560603605,2022-07-01,0.6748993067258149,0.08256922087077578
0.1658023695954793,Latur,0.0411385495164635,-0.0317965935598731,2022-07-01,0.28459303696059723,0.29822204931729557
0.0546533003740803,Akola,0.0149679855191365,-0.012068855256889,2022-07-01,0.25988306493137053,0.4705669054225452
0.058924713735546,Aurangabad,0.026397990172626,-0.0215254989386277,2022-07-01,0.15564836818185077,0.22978213018246874
0.123816283810618,Bhandara,0.0228709751660987,-0.017756150153112,2022-07-01,0.38625912625391795,0.23592324038798185
0.0752777302312922,Buldana,0.0233252394987361,-0.0183891129925186,2022-07-01,0.22972911597744497,0.22461842538428622
0.1039630308526538,Garhchiroli,0.0162314520948369,-0.0092948087345162,2022-07-01,0.4515253814644498,0.15676233017419516
0.1353118784665524,Gondiya,0.0247480215890114,-0.0184666083070932,2022-07-01,0.38502247284492275,0.16605089049802735
0.1131894190968176,Hingoli,0.0210153035929469,-0.0151349967589644,2022-07-01,0.38245356890333604,0.12608090636725322
0.0774548151713574,Jalna,0.0248183969699643,-0.0198436649222464,2022-07-01,0.22066492495163614,0.3402638939205658
0.1310679256150424,Kolhapur,0.0310140286458098,-0.0259065960158352,2022-07-01,0.3418062104668805,0.15771118418131502
0.0713567855348625,Mumbai City,0.0049803490193433,0.0016220346592978,2022-07-01,0.9933688113757217,0.32254658195812813
0.1590384867018238,Mumbai Suburban,0.0113486005000406,-0.0065219640374161,2022-07-01,1.0,0.22095345235323482
0.1248509247486591,Nagpur,0.0217505359688676,-0.0155590596909964,2022-07-01,0.40833610728781666,0.264688357888309
0.0619398286872165,Nandurbar,0.0228285325873569,-0.0177401559258642,2022-07-01,0.19357973393162467,0.3534199088336001
0.0878627338222544,Osmanabad,0.0354833583434976,-0.0289819338740939,2022-07-01,0.17200943944275718,0.3013465822699224
0.1178300233360839,Palghar,0.010449552511337,-0.0064595515226152,2022-07-01,0.7969014481274443,0.15688706577978562
0.1389152658200758,Parbhani,0.0292285916766519,-0.0232429830597787,2022-07-01,0.33190139341758645,0.2801028571988442
0.3631397058932516,Ratnagiri,0.0338572776331583,-0.0282298381553552,2022-07-01,0.7405701025468981,0.10740731419288796
0.08916040492266,Wardha,0.0147479661457727,-0.0090309175713092,2022-07-01,0.43780550284146963,0.3547472258673179
0.0782754207576226,Washim,0.0172581295516684,-0.0130608876456165,2022-07-01,0.32178224905669167,0.30280140193221605
0.165978397830884,Nanded,0.0286246495673766,-0.0198410267569467,2022-07-01,0.4207672789116956,0.20407479962536157
0.0684086425556745,Nashik,0.0236193561895541,-0.019543678929855,2022-07-01,0.2280159979995579,0.28713882717762673
0.0815844972668793,Satara,0.0276082689710774,-0.0239182174348539,2022-07-01,0.24974342067111563,0.26857228103349606
0.0741424296851462,Pune,0.0304904910578566,-0.0261721569074477,2022-07-01,0.23866996411425148,0.24416653630468854
0.260020976707601,Raigarh,0.0220086047349932,-0.0164808571153082,2022-07-01,0.8064805221605257,0.15943713927377656
0.0744674532096158,Solapur,0.0457475527818392,-0.040617772699629,2022-07-01,0.12085796087077502,0.3269947885597355
0.0727268168501535,Sangli,0.0336138262985211,-0.0287825250185596,2022-07-01,0.16020423218573693,0.28921976743728606
0.1535270288905341,Thane,0.0152085195982233,-0.0100030886122393,2022-07-01,0.6912246067887449,0.23311632467202337
0.1324608465682273,Yavatmal,0.0202641752789939,-0.0126983662307629,2022-07-01,0.4682199691855082,0.2970431997727716
0.0976840302779258,Ahmadnagar,0.0794092594950361,-0.0690455108710826,2022-08-01,0.08856178907100125,0.20594484633341792
0.3532444660359819,Amravati,0.0969891171564612,-0.0798131987268121,2022-08-01,0.26764321040765837,0.26846118489703397
0.1864508822170671,Bid,0.1283090901454305,-0.1104056505528376,2022-08-01,0.09759319984526516,0.21175041296299235
0.6564353106043639,Chandrapur,0.1435469018521103,-0.1223155363492779,2022-08-01,0.3270086296756655,0.1379639130627517
0.2050324983074024,Dhule,0.0933364193107633,-0.0807817183128355,2022-08-01,0.1578312155380493,0.15956301300582276
0.2412831584753648,Jalgaon,0.1032455584085482,-0.0903494891313915,2022-08-01,0.16582401139844802,0.3327053404407969
0.4053711913047828,Sindhudurg,0.0539431695930409,-0.0465078230422706,2022-08-01,0.518236918884351,0.06937481084151864
0.2386584267927636,Latur,0.1390429023578976,-0.1205460308820185,2022-08-01,0.12255766581433926,0.24370295110821916
0.300553944358746,Akola,0.133026200052185,-0.1121882039994281,2022-08-01,0.16353571378464077,0.2691240267827806
0.1337023316712177,Aurangabad,0.0796411632445243,-0.0701004940079936,2022-08-01,0.1196020113377816,0.22947184332390047
0.8347844102330353,Bhandara,0.1570291342654952,-0.1295048861512341,2022-08-01,0.37881660357913954,0.09206139025657722
0.3498374781177587,Buldana,0.1538151086067983,-0.1335281199913041,2022-08-01,0.16313204368280976,0.17786164320645637
0.867880159739018,Garhchiroli,0.1513488929451132,-0.1308004809076793,2022-08-01,0.4120660692731334,0.15726019283176562
0.8505720016159777,Gondiya,0.1509603842390469,-0.1248205272366719,2022-08-01,0.40086481582394395,0.06327722666053259
0.3802991756644292,Hingoli,0.1393641955953359,-0.1186272509004229,2022-08-01,0.19548035104427577,0.16327645499371357
0.2301495170770481,Jalna,0.1143208013680452,-0.0996783363630734,2022-08-01,0.14293658726970854,0.20987154658098217
0.1447906635615855,Kolhapur,0.0525209385568294,-0.0453170691721017,2022-08-01,0.22186891540887585,0.05617302648972755
0.1514722586812653,Mumbai City,0.019471411921859,-0.0164181988479043,2022-08-01,0.5221582751222175,0.1504169793211172
0.2946282934451504,Mumbai Suburban,0.037090177015059,-0.031992045694673,2022-08-01,0.5661694513240755,0.09942042947817398
0.66448474268047,Nagpur,0.1425095220041259,-0.1212414442116147,2022-08-01,0.33461653863444146,0.20400262766064725
0.1842968826809123,Nandurbar,0.0613632140736011,-0.0506544769660877,2022-08-01,0.22597799606124816,0.15113462148058465
0.1382927357629025,Osmanabad,0.1032995307576157,-0.0900503269961178,2022-08-01,0.09801989082477576,0.19901869820177653
0.3199600642543796,Palghar,0.0478170506350175,-0.0406659870053258,2022-08-01,0.4775890325808801,0.04645346626556801
0.3275273142778252,Parbhani,0.1570908805819459,-0.1364634641696006,2022-08-01,0.14979901408005572,0.17121786286754004
0.3353184332013675,Ratnagiri,0.0540904891329708,-0.046457550221737,2022-08-01,0.4257603732620347,0.023264617185213332
0.502792787142614,Wardha,0.1345152120012372,-0.1117021362969969,2022-08-01,0.2639050673600568,0.30011565585871547
0.3808529529391147,Washim,0.1517987635889929,-0.1306757278717144,2022-08-01,0.17842990666563524,0.11918255020068602
0.3979130947247949,Nanded,0.1499917822405772,-0.1302514505222185,2022-08-01,0.1884682272315522,0.22280406776084072
0.1509594898200559,Nashik,0.0745415131513919,-0.06539201957487,2022-08-01,0.15448615845746833,0.1395358924002612
0.1050698110541991,Satara,0.0686982342497024,-0.0598938881991387,2022-08-01,0.11927501937455119,0.14942759231140945
0.1159293705231548,Pune,0.069342469610519,-0.0601568919880837,2022-08-01,0.1349521669570695,0.09835381520965414
0.3163270810828463,Raigarh,0.0590379399655381,-0.0501864107793477,2022-08-01,0.36630375769334733,0.0
0.0844953870918402,Solapur,0.0847180335840202,-0.0748348206231404,2022-08-01,0.07348732954295285,0.27892372244400865
0.0652519254541974,Sangli,0.0585080157438409,-0.0510188628478785,2022-08-01,0.08032949445325725,0.17584029996397343
0.3059369146350186,Thane,0.0479391627174295,-0.0413545842415101,2022-08-01,0.44568116906184585,0.0050301307735285405
0.4368852268648273,Yavatmal,0.1397775758259098,-0.1196272926720248,2022-08-01,0.22112397790327362,0.21234267554693265
0.3720822515399439,Ahmadnagar,0.1469059120718167,-0.1273994063598939,2022-09-01,0.1799367007326968,0.2553414025418048
0.6812595754556519,Amravati,0.2407324284880858,-0.2048513557081526,2022-09-01,0.20730350456489763,0.2580137948131498
0.5446152256963673,Bid,0.2067865360887961,-0.1829564652852217,2022-09-01,0.18658495951745926,0.24662761344058337
0.6760370741369714,Chandrapur,0.2456160363292697,-0.2079853628178893,2022-09-01,0.19691310112325014,0.22493825358010433
0.4570295780877288,Dhule,0.2078376255234804,-0.1780031410860361,2022-09-01,0.15742814450805023,0.3328635588044271
0.6409020340103573,Jalgaon,0.262830554676381,-0.228262025723815,2022-09-01,0.17481826169069592,0.30183115104959835
0.6429007288086511,Sindhudurg,0.1438906579231613,-0.125610985672945,2022-09-01,0.31286189640210416,0.12527565520785422
0.5598653344349936,Latur,0.2194721510484472,-0.1921123985860432,2022-09-01,0.1813578096106808,0.24463211750462732
0.6649581158793042,Akola,0.2845607807172403,-0.2454054143465796,2022-09-01,0.16687303854622498,0.3372390452289977
0.4923841285928901,Aurangabad,0.2098137256747349,-0.1839438302445994,2022-09-01,0.16846282029908255,0.24131055443870308
0.6880786531885488,Bhandara,0.201193959528145,-0.1697568309391228,2022-09-01,0.2425524735484016,0.16527413370643984
0.5537632519348533,Buldana,0.2555975058344667,-0.2226807168681767,2022-09-01,0.154795410874101,0.268228870635397
0.3393369088730245,Garhchiroli,0.1360192657791155,-0.1161735655544434,2022-09-01,0.1775497844943406,0.15739944810725426
0.5010152378096698,Gondiya,0.1569016358256699,-0.1338846040920001,2022-09-01,0.22676639876045981,0.14812893089108226
0.5387055274493976,Hingoli,0.2519661395720057,-0.2157976608542509,2022-09-01,0.15320874457229283,0.30851662754654385
0.5284680480562682,Jalna,0.242891908989347,-0.2137662854876868,2022-09-01,0.15510751497964848,0.2721282792541997
0.3400986227411386,Kolhapur,0.1333405518324918,-0.1175651749055307,2022-09-01,0.18662641796884216,0.14848036420859656
0.1190588334090174,Mumbai City,0.0165731495460351,-0.0121538409172896,2022-09-01,0.4877736672110572,0.22433964572045784
0.2641391740653043,Mumbai Suburban,0.0355071252850038,-0.0296818501837355,2022-09-01,0.5309568005425713,0.21232903666523728
0.593751528729619,Nagpur,0.19388185923378,-0.1617772656697363,2022-09-01,0.21942744656583543,0.26005684528158146
0.5107970329858075,Nandurbar,0.2381907127413727,-0.2048901925023591,2022-09-01,0.15516980673603029,0.27424606154450926
0.4765758008847369,Osmanabad,0.1750043036188193,-0.15470303976614,2022-09-01,0.19438679041418966,0.23173504476803886
0.3423671126699465,Palghar,0.0813031478922978,-0.0673544518459692,2022-09-01,0.31028972522412585,0.18317811693572073
0.6462965737860082,Parbhani,0.3097369938648053,-0.2693685813201349,2022-09-01,0.1495040101537606,0.2971062981823933
0.5876682893370977,Ratnagiri,0.1500715984236394,-0.1310539087111559,2022-09-01,0.275998219806752,0.1001404391273295
0.6134665696316172,Wardha,0.2318395916693492,-0.1941929726659253,2022-09-01,0.18935126405061198,0.3319174529692235
0.6956527874715422,Washim,0.296683872293274,-0.2560436947020957,2022-09-01,0.16665114523264277,0.28646701319300916
0.5276958373614493,Nanded,0.2371052087628443,-0.2044156647157643,2022-09-01,0.1584780444325281,0.32029510349323065
0.3482676406421853,Nashik,0.1521749789315658,-0.1303009303053411,2022-09-01,0.16860729038516858,0.2272772891491277
0.268834250885448,Satara,0.1066225996363598,-0.0946334051308311,2022-09-01,0.18289798374887153,0.18064639451402775
0.2884943468512134,Pune,0.103654383866288,-0.0902064294414615,2022-09-01,0.19961992440730822,0.21441275139347726
0.4358471661521365,Raigarh,0.1102679121823443,-0.0949220260005263,2022-09-01,0.29811537313087344,0.15284626176904847
0.3797909636504108,Solapur,0.1426713238383396,-0.126994259224963,2022-09-01,0.18980640295773263,0.29336298443812714
0.2676126726599733,Sangli,0.1084869872534195,-0.0974531051690421,2022-09-01,0.17611946643179968,0.2520694427146781
0.411419880256712,Thane,0.0884374550876416,-0.0735209931247032,2022-09-01,0.337351745688789,0.21891714154384023
0.7017388591065187,Yavatmal,0.259242612307519,-0.2204866880592824,2022-09-01,0.1926060299095646,0.3072395966622081
1.1286838566880917,Ahmadnagar,0.5549771288971594,-0.5436926276864151,2022-10-01,0.14550007214447222,0.29019192435976016
0.5848275004447661,Amravati,0.6576765547973797,-0.609523506078856,2022-10-01,0.06320890329636722,0.26197270310650955
1.0584236759424617,Bid,0.5592009605340181,-0.5473071691023865,2022-10-01,0.1349853097256424,0.31921211386044024
0.6824831189827212,Chandrapur,0.6817342588624093,-0.6230000672784458,2022-10-01,0.07127170598499646,0.19783083074749275
0.4023660885863101,Dhule,0.5293221805177252,-0.5350317756304933,2022-10-01,0.05469349461445321,0.4184843876121298
0.5308645511163639,Jalgaon,0.6210649738415671,-0.5942436924532182,2022-10-01,0.060752864204823315,0.3235108519805807
1.429658834083459,Sindhudurg,0.6887537245852065,-0.6276079932684285,2022-10-01,0.14799782328037367,0.22300293947888283
0.946839630746618,Latur,0.5484717352025943,-0.5428956037812839,2022-10-01,0.12397432860386612,0.35824717021943053
0.5434914046591156,Akola,0.6140995151493732,-0.5834763988775703,2022-10-01,0.06303508189745605,0.3540175777388397
0.8535496996660557,Aurangabad,0.6190568235732876,-0.5884998523978398,2022-10-01,0.09871852955704609,0.2700613145403057
0.713285086163597,Bhandara,0.6373560931992599,-0.5997492090734037,2022-10-01,0.07943622065094584,0.14921611389509315
0.624072227859864,Buldana,0.6047994609933078,-0.5863521266628253,2022-10-01,0.07431586195837601,0.32630285689620164
0.6319665794344012,Garhchiroli,0.6668453468760898,-0.6049078730963765,2022-10-01,0.06752008040540175,0.14047786504812598
0.6297241191263678,Gondiya,0.6705979180919323,-0.6272217735611585,2022-10-01,0.06712670725338725,0.1288080019660982
0.7296807018290786,Hingoli,0.5993966240869865,-0.5744481561960502,2022-10-01,0.08695828924455627,0.3478715272230517
0.879339869569006,Jalna,0.6131931611360445,-0.5867901183853711,2022-10-01,0.10233549993231535,0.29992262869024433
1.2040589991606605,Kolhapur,0.6360387979581016,-0.5872013403912133,2022-10-01,0.13523816904085106,0.1621021505960063
0.3612129981570935,Mumbai City,0.2108144588693453,-0.1793821644926533,2022-10-01,0.11865569479581949,0.4127515815315228
0.6210231801324965,Mumbai Suburban,0.349415110217532,-0.3177229346686174,2022-10-01,0.12734819416927778,0.39258319645054995
0.8488578466062005,Nagpur,0.6557274137354404,-0.6021687161664604,2022-10-01,0.09228668085028058,0.22090351410401565
0.3418446545220381,Nandurbar,0.5877958230449255,-0.5695682420800215,2022-10-01,0.041388163898990006,0.3486237323481971
0.9777893422158506,Osmanabad,0.5200572193612526,-0.5223728003105242,2022-10-01,0.13422038926057636,0.36441088859751436
0.8930247242056328,Palghar,0.5624896102910232,-0.516030724727166,2022-10-01,0.11341607674550648,0.23645616534051528
0.968290052486577,Parbhani,0.5991017122076254,-0.5793252149868139,2022-10-01,0.11497313051289762,0.36672137913263714
1.3572278711925423,Ratnagiri,0.6566620474320835,-0.5934935304665709,2022-10-01,0.14739562337502346,0.21279549448399515
0.7299202045243119,Wardha,0.6501571905664472,-0.600627559989649,2022-10-01,0.08011633847146694,0.296047796426369
0.5877446149222253,Washim,0.6036669122828856,-0.581040822010546,2022-10-01,0.06967541177281728,0.36398140582455474
0.7664531165013284,Nanded,0.627031565584863,-0.594239593874042,2022-10-01,0.08745129175024333,0.32544494805199675
0.7562795106247621,Nashik,0.5233085103934461,-0.5181376892304921,2022-10-01,0.10297001653513527,0.3076291636908286
1.4424387341867249,Satara,0.5783450438871831,-0.556688846563039,2022-10-01,0.17827382263694397,0.246748356526735
1.440713078881502,Pune,0.5721672841691622,-0.5464531774184054,2022-10-01,0.17967936570589246,0.24473107534835936
1.4987610552845947,Raigarh,0.6023402689625396,-0.5435281594006074,2022-10-01,0.1745487194388092,0.2160468142752614
1.1204583164902862,Solapur,0.553607296511185,-0.5435203948285707,2022-10-01,0.14452452256769205,0.3495481504686275
1.1291075961142305,Sangli,0.5467633983006749,-0.5378134909420141,2022-10-01,0.1470556943861022,0.3106260851667457
1.064411836655424,Thane,0.5670232192954748,-0.5237127463275283,2022-10-01,0.13315814984427257,0.24317710650557345
0.6981992200646431,Yavatmal,0.6711540326395364,-0.6189970014485434,2022-10-01,0.07416179643539914,0.27688372606626843
0.0211496601974797,Ahmadnagar,0.5109758390218377,-0.5323978459164335,2022-11-01,0.0029236279902667877,0.3058092901641205
0.0182869662369574,Amravati,0.6204898048991757,-0.6016450319435436,2022-11-01,0.0019756670186747215,0.2417599724164463
0.0225957934354553,Bid,0.5277061062856587,-0.5435919227680976,2022-11-01,0.0031078518993057206,0.3357036043861916
0.0023492377572381,Chandrapur,0.6105412758383052,-0.5922562801565127,2022-11-01,0.0002571221397262048,0.18495537940820617
3.427409487798835e-05,Dhule,0.4796587652310677,-0.5330488712962759,2022-11-01,3.820820505622514e-06,0.40218046891929404
0.0,Jalgaon,0.5769436858041799,-0.5849152242329346,2022-11-01,0.0,0.32561641267466945
0.0539610583326771,Sindhudurg,0.713406100859656,-0.6791872759257741,2022-11-01,0.005354567914188298,0.254253246533636
0.0232302691733154,Latur,0.5039571860334228,-0.5255553161680538,2022-11-01,0.0032222320015415657,0.3675876378505334
0.0075079914418901,Akola,0.5738067928088848,-0.5736583064698524,2022-11-01,0.0008614727511715614,0.3253853711216197
0.0102582840320455,Aurangabad,0.5737675892070802,-0.5758179892815973,2022-11-01,0.001310153281481453,0.29149822968959893
0.0027403916965923,Bhandara,0.553213525625776,-0.5599829222200663,2022-11-01,0.0002976802708415235,0.13827203804118837
0.0215684282059726,Buldana,0.5660240193567544,-0.5767237669764239,2022-11-01,0.002833810380411744,0.31794869611570276
0.0296882310187541,Garhchiroli,0.6923158776980367,-0.651239123284601,2022-11-01,0.002928809110009282,0.10520360533089801
5.896563656919509e-06,Gondiya,0.6027527621401424,-0.5962274360349927,2022-11-01,1.0800596856238705e-06,0.10786245917787829
0.0231597295151835,Hingoli,0.5508772929749147,-0.5545600445650138,2022-11-01,0.0030153286276735055,0.33450198926444585
0.0088132770811766,Jalna,0.5644618187582356,-0.5694791429771076,2022-11-01,0.0011301528186013696,0.3234349028990995
0.0656466235933814,Kolhapur,0.6021208320568744,-0.5918292199018412,2022-11-01,0.0077768734782807485,0.1793912612706543
0.0,Mumbai City,0.332679319931684,-0.3695461556357617,2022-11-01,0.0,0.3345302860469179
0.0,Mumbai Suburban,0.4973367736589356,-0.5029325624168826,2022-11-01,0.0,0.32550486469504003
0.0085588409971074,Nagpur,0.5989144350404233,-0.5801998185143216,2022-11-01,0.0009279347185959917,0.18104452176885055
0.0,Nandurbar,0.5522222864096789,-0.5762077077757286,2022-11-01,0.0,0.3257751099211379
0.0213940480098163,Osmanabad,0.4745173345809187,-0.5094747173825541,2022-11-01,0.0031768432653133906,0.3813490629381713
0.0125578382952139,Palghar,0.6190447783053947,-0.6110571465593315,2022-11-01,0.0014492431518154988,0.26469347316868697
0.0162101832666313,Parbhani,0.5504906191779052,-0.5582947309239581,2022-11-01,0.002114040408260106,0.36409433393990276
0.0538534664484571,Ratnagiri,0.7239761758506621,-0.6894007519718323,2022-11-01,0.005310772585747022,0.23173149150336259
0.0073065344004422,Wardha,0.5981993005517622,-0.5807503249507356,2022-11-01,0.0008410360898810809,0.2762110910275293
0.0383124684014526,Washim,0.5491428423076022,-0.5615073705315751,2022-11-01,0.004982061757114882,0.3348941777686927
0.022831523427828,Nanded,0.566692804235385,-0.5669675966923388,2022-11-01,0.0028976425457674882,0.3314822272727518
0.0087748780814686,Nashik,0.491800836730587,-0.5342816383487514,2022-11-01,0.0011254645725749337,0.3213818430174433
0.0492985767169838,Satara,0.5324151533188629,-0.55381652485562,2022-11-01,0.006460940646570654,0.2677987485700124
0.0281355261219027,Pune,0.5386608385106102,-0.5500702841825585,2022-11-01,0.003708359216842111,0.2510316219490252
0.0084423267748441,Raigarh,0.6576177242887971,-0.63246369916953,2022-11-01,0.000865873010883789,0.23217164240101407
0.0353487017242991,Solapur,0.50954009898894,-0.5249579254654297,2022-11-01,0.004982858410664523,0.34654073241054384
0.0446888989699185,Sangli,0.5008035311073872,-0.5296820137843892,2022-11-01,0.006212309639947716,0.31257358155655335
0.0128104709610373,Thane,0.5869089724854016,-0.5861999919286535,2022-11-01,0.001546276633070998,0.26851762089117615
0.013556341604909,Yavatmal,0.6138320093855906,-0.5953368108801688,2022-11-01,0.0015904727427908053,0.2524813440031699
